label,master,used,withoutRegisteredUse
Heavy Metal,1216,955,261
Hard Rock,714,580,134
ONBEKEND,603,349,254
Punk/New Wave,548,415,133
Alternative/Indie Rock,401,363,38
Art-Rock/Experimental,156,154,2
Pop/Rock,60,41,19
Electronic,50,36,14
Psychedelic/Garage,28,27,1
Rock & Roll/Roots,27,27,0
Soft Rock,22,20,2
Avant-Garde,9,9,0
Holiday,6,2,4
Classical,4,2,2
Comedy/Spoken,4,2,2
Stage & Screen,4,4,0
Country,3,3,0
New Age,3,3,0
Rap,3,3,0
Singer/Songwriter,3,3,0
Folk,2,2,0
Folk-Rock,2,1,1
International,2,2,0
Jazz,2,0,2
R&B,2,1,1
British Invasion,1,0,1
Reggae,1,1,0
Religious,1,0,1
